,independence.betterScore.vec,independence.warseScore.vec,dependence.betterScore.vec,dependence.warseScore.vec
10,11.9047619047619,88.0952380952381,0,0
15,16.4835164835165,75.8241758241758,7.69230769230769,0
20,15.0670794633643,69.6594427244582,15.2734778121775,0
25,10.4743083003953,65.4150197628458,24.1106719367589,0
30,9.30487137383689,60.9195402298851,29.7755883962781,0
35,7.01871657754011,58.2219251336898,34.7593582887701,0
40,6.56526972316446,55.2686289528395,38.1661013239961,0
45,4.89278163696768,52.914527333132,42.1926910299003,0
50,3.83195831524099,51.0312635692575,45.1367781155015,0
